Cluster,Name,Species,Gender,Personality,Hobby,Birthday,Style_1,Style_2,Color_1,Color_2
13,Admiral,other,Male,Cranky,Nature,Jan,Cool,Cool,Black,Blue
2,Agent S,ground_small,Female,Peppy,Fitness,Jul,Active,Simple,Blue,Black
7,Agnes,ground_large,Female,Big Sister,Play,Apr,Simple,Elegant,Pink,White
14,Al,ground_large,Male,Lazy,Fitness,Oct,Active,Active,Red,White
8,Alfonso,other,Male,Lazy,Play,Jun,Simple,Simple,Red,Blue
4,Alice,ground_small,Female,Normal,Education,Aug,Cute,Cute,Red,Pink
12,Alli,other,Female,Snooty,Fashion,Nov,Gorgeous,Elegant,Yellow,Brown
12,Amelia,other,Female,Snooty,Music,Nov,Cool,Elegant,Black,White
10,Anabelle,ground_large,Female,Peppy,Fashion,Feb,Cute,Simple,Green,Blue
8,Anchovy,other,Male,Lazy,Play,Mar,Simple,Simple,Colorful,Orange
0,Angus,ground_large,Male,Cranky,Fitness,Apr,Cool,Cool,Red,Black
4,Anicotti,ground_small,Female,Peppy,Fashion,Feb,Simple,Elegant,Red,Pink
9,Ankha,ground_small,Female,Snooty,Nature,Sep,Gorgeous,Simple,Colorful,Brown
4,Annalisa,ground_large,Female,Normal,Nature,Feb,Elegant,Gorgeous,Red,Pink
6,Annalise,ground_large,Female,Snooty,Fashion,Dec,Elegant,Active,Blue,Purple
1,Antonio,ground_large,Male,Jock,Fitness,Oct,Simple,Simple,Light blue,Blue
13,Apollo,other,Male,Cranky,Music,Jul,Cool,Simple,Black,Black
10,Apple,ground_small,Female,Peppy,Play,Sep,Cute,Simple,Colorful,Red
13,Astrid,ground_large,Female,Snooty,Music,Sep,Cool,Active,Black,Colorful
11,Audie,ground_large,Female,Peppy,Fitness,Aug,Cute,Active,Green,White
4,Aurora,ground_small,Female,Normal,Education,Jan,Cute,Elegant,Pink,Red
4,Ava,ground_small,Female,Normal,Music,Apr,Elegant,Cute,Red,Gray
8,Avery,other,Male,Cranky,Music,Feb,Simple,Gorgeous,Orange,Brown
0,Axel,ground_large,Male,Jock,Fitness,Mar,Active,Simple,Green,White
12,Baabara,ground_large,Female,Snooty,Fashion,Mar,Gorgeous,Elegant,Purple,Blue
2,Bam,ground_large,Male,Jock,Play,Nov,Active,Simple,Green,Brown
11,Bangle,ground_large,Female,Peppy,Fashion,Aug,Gorgeous,Cute,Yellow,Green
14,Barold,ground_small,Male,Lazy,Play,Mar,Simple,Cool,Yellow,Black
9,Bea,ground_small,Female,Normal,Nature,Oct,Simple,Cool,Light blue,Green
13,Beardo,ground_large,Male,Smug,Education,Sep,Elegant,Elegant,Brown,Blue
1,Beau,ground_large,Male,Lazy,Nature,Apr,Simple,Cute,Beige,Orange
12,Becky,ground_small,Female,Snooty,Music,Dec,Gorgeous,Elegant,Purple,Pink
3,Bella,ground_small,Female,Peppy,Music,Dec,Cool,Active,Black,Purple
1,Benedict,ground_small,Male,Lazy,Play,Oct,Simple,Simple,Blue,Purple
1,Benjamin,ground_small,Male,Lazy,Nature,Aug,Simple,Simple,Red,White
4,Bertha,ground_large,Female,Normal,Education,Apr,Cute,Elegant,Pink,White
4,Bettina,ground_small,Female,Normal,Education,Jun,Simple,Elegant,White,Red
10,Bianca,ground_large,Female,Peppy,Play,Dec,Cute,Cute,Pink,Orange
0,Biff,ground_large,Male,Jock,Fitness,Mar,Gorgeous,Active,Black,Blue
14,Big Top,ground_large,Male,Lazy,Play,Oct,Simple,Active,Green,Green
0,Bill,other,Male,Jock,Play,Feb,Active,Active,Blue,Purple
0,Billy,ground_large,Male,Jock,Play,Mar,Simple,Active,Blue,Purple
1,Biskit,ground_small,Male,Lazy,Play,May,Gorgeous,Simple,Purple,Colorful
4,Bitty,ground_large,Female,Snooty,Education,Oct,Cute,Elegant,Pink,Orange
12,Blaire,ground_small,Female,Snooty,Fashion,Jul,Gorgeous,Elegant,Orange,Brown
6,Blanche,ground_small,Female,Snooty,Nature,Dec,Elegant,Gorgeous,Black,Brown
10,Bluebear,ground_small,Female,Peppy,Fashion,Jun,Cute,Simple,White,Blue
8,Bob,ground_small,Male,Lazy,Play,Jan,Simple,Cute,Colorful,Red
4,Bonbon,ground_small,Female,Peppy,Play,Mar,Cute,Elegant,Light blue,Yellow
1,Bones,ground_small,Male,Lazy,Play,Aug,Simple,Cute,Beige,Brown
1,Boomer,ground_small,Male,Lazy,Fitness,Feb,Simple,Cool,Brown,Beige
0,Boone,ground_large,Male,Jock,Fitness,Sep,Elegant,Cool,Colorful,Red
0,Boots,other,Male,Jock,Play,Aug,Gorgeous,Active,Colorful,Purple
13,Boris,ground_large,Male,Cranky,Nature,Nov,Cool,Gorgeous,Purple,Black
0,Boyd,ground_large,Male,Cranky,Fitness,Oct,Simple,Cool,Red,Black
6,Bree,ground_small,Female,Snooty,Fashion,Jul,Elegant,Gorgeous,Black,Blue
8,Broccolo,ground_small,Male,Lazy,Play,Jun,Simple,Cute,Colorful,Yellow
12,Broffina,ground_small,Female,Snooty,Music,Oct,Gorgeous,Elegant,Black,Red
13,Bruce,ground_large,Male,Cranky,Nature,May,Cool,Simple,Black,Red
6,Bubbles,ground_large,Female,Peppy,Fashion,Sep,Active,Cute,Purple,Pink
2,Buck,ground_large,Male,Jock,Fitness,Apr,Active,Simple,Gray,Brown
2,Bud,ground_large,Male,Jock,Fitness,Aug,Active,Simple,Green,Yellow
10,Bunnie,ground_small,Female,Peppy,Fashion,May,Cute,Cute,Green,Pink
3,Butch,ground_small,Male,Cranky,Music,Nov,Cool,Simple,Blue,Gray
0,Buzz,other,Male,Cranky,Nature,Dec,Simple,Active,Yellow,Red
4,Cally,ground_small,Female,Normal,Nature,Sep,Cute,Elegant,Red,Green
8,Camofrog,other,Male,Cranky,Music,Jun,Cool,Active,Blue,White
7,Canberra,ground_small,Female,Big Sister,Play,May,Active,Cool,Green,Light blue
9,Candi,ground_small,Female,Peppy,Play,Apr,Simple,Cute,Light blue,Yellow
10,Carmen,ground_small,Female,Peppy,Fashion,Jan,Elegant,Cute,Green,Beige
4,Caroline,ground_small,Female,Normal,Music,Jul,Cute,Gorgeous,Colorful,White
4,Carrie,ground_large,Female,Normal,Nature,Dec,Cute,Cute,Red,Colorful
12,Cashmere,ground_large,Female,Snooty,Fashion,Apr,Gorgeous,Elegant,Purple,Beige
5,Celia,other,Female,Normal,Nature,Mar,Elegant,Cute,Pink,Green
13,Cesar,ground_large,Male,Cranky,Fitness,Sep,Cool,Elegant,Blue,Light blue
3,Chadder,ground_small,Male,Smug,Fitness,Dec,Elegant,Gorgeous,Black,Gray
7,Charlise,ground_large,Female,Big Sister,Fitness,Apr,Active,Cute,Red,Orange
5,Cheri,ground_small,Female,Peppy,Fashion,Mar,Simple,Cute,Yellow,Light blue
3,Cherry,ground_small,Female,Big Sister,Music,May,Cool,Elegant,Black,Purple
1,Chester,ground_small,Male,Lazy,Play,Aug,Simple,Simple,Yellow,Green
4,Chevre,ground_large,Female,Normal,Education,Mar,Cute,Elegant,Red,Pink
13,Chief,ground_large,Male,Cranky,Music,Dec,Cool,Simple,White,Gray
4,Chops,ground_large,Male,Smug,Education,Oct,Gorgeous,Elegant,Red,Green
13,Chow,ground_large,Male,Cranky,Fitness,Jul,Cool,Gorgeous,Black,White
11,Chrissy,ground_small,Female,Peppy,Fashion,Aug,Cute,Cute,Pink,White
1,Claude,ground_small,Male,Lazy,Nature,Dec,Simple,Simple,Black,Colorful
12,Claudia,ground_large,Female,Snooty,Music,Nov,Gorgeous,Elegant,Purple,White
1,Clay,ground_small,Male,Lazy,Nature,Oct,Elegant,Simple,Beige,Brown
4,Cleo,ground_large,Female,Snooty,Education,Feb,Cute,Elegant,Light blue,White
14,Clyde,ground_large,Male,Lazy,Play,May,Simple,Cute,Green,White
0,Coach,ground_large,Male,Jock,Fitness,Apr,Active,Active,Blue,Red
0,Cobb,ground_large,Male,Jock,Education,Oct,Simple,Active,White,Blue
5,Coco,ground_small,Female,Normal,Education,Mar,Simple,Cute,Beige,Green
1,Cole,ground_small,Male,Lazy,Nature,Aug,Simple,Cute,Orange,Colorful
0,Colton,ground_large,Male,Smug,Nature,May,Gorgeous,Elegant,Blue,Red
10,Cookie,ground_small,Female,Peppy,Fashion,Jun,Cute,Cute,Green,Light blue
0,Cousteau,other,Male,Jock,Fitness,Dec,Elegant,Gorgeous,Green,Red
1,Cranston,ground_small,Male,Lazy,Nature,Sep,Simple,Cool,Beige,Brown
1,Croque,other,Male,Cranky,Nature,Jul,Elegant,Cool,Red,Orange
14,Cube,ground_small,Male,Lazy,Play,Jan,Simple,Cute,Yellow,Colorful
2,Curlos,ground_large,Male,Smug,Nature,May,Active,Gorgeous,Red,Green
0,Curly,ground_large,Male,Jock,Fitness,Jul,Simple,Active,Yellow,Colorful
13,Curt,ground_large,Male,Cranky,Nature,Jul,Cool,Cool,Blue,White
13,Cyd,ground_large,Male,Cranky,Music,Jun,Cool,Active,Black,Yellow
0,Cyrano,ground_large,Male,Cranky,Education,Mar,Cool,Active,Yellow,Beige
5,Daisy,ground_small,Female,Normal,Education,Nov,Simple,Cute,Colorful,Blue
5,Deena,other,Female,Normal,Education,Jun,Simple,Cute,Colorful,Blue
7,Deirdre,ground_large,Female,Big Sister,Play,May,Simple,Simple,Orange,Orange
8,Del,other,Male,Cranky,Fitness,May,Cool,Simple,Blue,White
1,Deli,ground_small,Male,Lazy,Nature,May,Gorgeous,Elegant,Purple,Brown
8,Derwin,other,Male,Lazy,Play,May,Simple,Elegant,Yellow,Beige
6,Diana,ground_large,Female,Snooty,Education,Jan,Elegant,Gorgeous,Purple,Pink
12,Diva,other,Female,Big Sister,Fitness,Oct,Gorgeous,Elegant,Purple,Light blue
14,Dizzy,ground_large,Male,Lazy,Play,Jul,Simple,Simple,Yellow,Blue
0,Dobie,ground_large,Male,Cranky,Nature,Feb,Simple,Cool,Brown,Beige
1,Doc,ground_small,Male,Lazy,Education,Mar,Simple,Elegant,Gray,Beige
0,Dom,ground_large,Male,Jock,Play,Mar,Active,Cute,Red,Colorful
4,Dora,ground_small,Female,Normal,Education,Feb,Simple,Elegant,Blue,Light blue
5,Dotty,ground_small,Female,Peppy,Fashion,Mar,Simple,Cute,Blue,Black
8,Drago,other,Male,Lazy,Nature,Feb,Elegant,Gorgeous,Orange,Red
8,Drake,other,Male,Lazy,Play,Jun,Cool,Simple,Brown,Red
0,Drift,other,Male,Jock,Fitness,Oct,Simple,Active,Orange,Red
3,Ed,ground_large,Male,Smug,Nature,Sep,Gorgeous,Elegant,Black,Gray
1,Egbert,ground_small,Male,Lazy,Play,Oct,Simple,Simple,Beige,Brown
6,Elise,ground_small,Female,Snooty,Fashion,Mar,Elegant,Gorgeous,Purple,Red
7,Ellie,ground_large,Female,Normal,Nature,May,Simple,Cute,Gray,Pink
8,Elmer,ground_large,Male,Lazy,Play,Oct,Simple,Cool,Blue,White
6,Eloise,ground_large,Female,Snooty,Fashion,Dec,Elegant,Simple,Green,Orange
4,Elvis,ground_large,Male,Cranky,Education,Jul,Gorgeous,Elegant,Red,Black
1,Erik,ground_large,Male,Lazy,Nature,Jul,Simple,Simple,Beige,Red
3,Eugene,ground_small,Male,Smug,Music,Oct,Cool,Gorgeous,Black,Gray
5,Eunice,ground_large,Female,Normal,Fashion,Apr,Simple,Elegant,Beige,Orange
0,Fang,ground_large,Male,Cranky,Education,Dec,Simple,Cool,White,Light blue
5,Fauna,ground_large,Female,Normal,Nature,Mar,Simple,Cute,Beige,White
10,Felicity,ground_small,Female,Peppy,Fashion,Mar,Cute,Cute,Yellow,Orange
1,Filbert,ground_small,Male,Lazy,Nature,Jun,Simple,Cute,Blue,White
2,Flip,ground_small,Male,Jock,Music,Nov,Active,Simple,Blue,Yellow
7,Flo,ground_small,Female,Big Sister,Music,Sep,Cool,Gorgeous,Red,Purple
4,Flora,ground_small,Female,Peppy,Play,Feb,Cute,Active,Colorful,Pink
4,Flurry,ground_small,Female,Normal,Nature,Jan,Elegant,Cute,Red,Pink
6,Francine,ground_small,Female,Snooty,Fashion,Jan,Elegant,Gorgeous,Blue,Black
2,Frank,other,Male,Cranky,Education,Jul,Gorgeous,Cool,Brown,Yellow
11,Freckles,other,Female,Peppy,Fashion,Feb,Simple,Cute,Green,Colorful
6,Freya,ground_large,Female,Snooty,Fashion,Dec,Elegant,Cool,Green,Blue
6,Friga,ground_small,Female,Snooty,Fashion,Oct,Elegant,Gorgeous,Pink,Black
7,Frita,ground_large,Female,Big Sister,Music,Jul,Active,Cute,Yellow,Red
2,Frobert,other,Male,Jock,Fitness,Feb,Active,Simple,Blue,Colorful
7,Fuchsia,ground_large,Female,Big Sister,Music,Sep,Cool,Cool,Pink,Pink
10,Gabi,ground_small,Female,Peppy,Fashion,Dec,Cute,Gorgeous,Brown,Red
4,Gala,ground_large,Female,Normal,Education,Mar,Cute,Elegant,Pink,White
1,Gaston,ground_small,Male,Cranky,Education,Oct,Simple,Gorgeous,Brown,Orange
11,Gayle,other,Female,Normal,Nature,May,Cute,Cute,Pink,White
2,Genji,ground_small,Male,Jock,Fitness,Jan,Elegant,Simple,Green,Purple
12,Gigi,other,Female,Snooty,Fashion,Aug,Gorgeous,Elegant,Black,White
4,Gladys,ground_small,Female,Normal,Education,Jan,Elegant,Cute,Green,Pink
12,Gloria,other,Female,Snooty,Fashion,Aug,Gorgeous,Elegant,Black,Gray
5,Goldie,ground_small,Female,Normal,Nature,Dec,Simple,Cute,Yellow,Orange
1,Gonzo,ground_small,Male,Cranky,Nature,Oct,Simple,Cool,Black,Green
0,Goose,ground_small,Male,Jock,Fitness,Oct,Simple,Active,Blue,White
3,Graham,ground_small,Male,Smug,Education,Jun,Simple,Cool,Green,Orange
6,Greta,ground_small,Female,Snooty,Education,Sep,Elegant,Simple,Pink,Purple
13,Grizzly,ground_large,Male,Cranky,Education,Jul,Cool,Simple,Red,Black
13,Groucho,ground_large,Male,Cranky,Music,Oct,Cool,Simple,Black,Gray
13,Gruff,ground_large,Male,Cranky,Music,Aug,Cool,Gorgeous,Purple,Black
12,Gwen,ground_small,Female,Snooty,Fashion,Jan,Gorgeous,Elegant,Green,White
0,Hamlet,ground_small,Male,Jock,Play,May,Simple,Active,Purple,Blue
1,Hamphrey,ground_small,Male,Cranky,Nature,Feb,Cool,Simple,Gray,Beige
0,Hans,ground_large,Male,Smug,Fitness,Dec,Elegant,Gorgeous,Gray,Blue
13,Harry,ground_large,Male,Cranky,Education,Jan,Cool,Simple,Green,Orange
2,Hazel,ground_small,Female,Big Sister,Play,Aug,Active,Cute,Red,Yellow
13,Henry,other,Male,Smug,Music,Sep,Cool,Simple,Light blue,Blue
6,Hippeux,ground_large,Male,Smug,Education,Oct,Elegant,Gorgeous,Brown,Green
0,Hopkins,ground_small,Male,Lazy,Nature,Mar,Simple,Active,Blue,Yellow
13,Hopper,ground_small,Male,Cranky,Music,Apr,Cool,Simple,Yellow,Red
1,Hornsby,ground_large,Male,Lazy,Nature,Mar,Simple,Simple,Green,Brown
0,Huck,other,Male,Smug,Fitness,Jul,Simple,Cool,Green,Yellow
14,Hugh,ground_large,Male,Lazy,Play,Dec,Simple,Active,Beige,Yellow
2,Iggly,ground_small,Male,Jock,Fitness,Nov,Active,Simple,Red,Blue
13,Ike,ground_large,Male,Cranky,Nature,May,Cool,Cool,Green,Blue
8,Jacob,other,Male,Lazy,Nature,Aug,Simple,Simple,Green,Red
3,Jacques,other,Male,Smug,Music,Jun,Cool,Simple,Green,Black
9,Jambette,other,Female,Normal,Fashion,Oct,Cool,Cool,Brown,Brown
0,Jay,other,Male,Jock,Fitness,Jul,Active,Active,Blue,Light blue
8,Jeremiah,other,Male,Lazy,Play,Jul,Simple,Simple,Orange,Yellow
0,Jitters,other,Male,Jock,Fitness,Feb,Active,Active,Yellow,Orange
8,Joey,other,Male,Lazy,Play,Jan,Simple,Simple,Green,Blue
12,Judy,ground_small,Female,Snooty,Music,Mar,Cute,Elegant,Pink,White
6,Julia,ground_small,Female,Snooty,Education,Jul,Elegant,Gorgeous,Purple,Red
3,Julian,ground_large,Male,Smug,Music,Mar,Gorgeous,Cool,Purple,Blue
9,June,ground_small,Female,Normal,Nature,May,Cute,Simple,White,Red
1,Kabuki,ground_small,Male,Cranky,Music,Nov,Simple,Simple,Purple,Red
3,Katt,ground_small,Female,Big Sister,Music,Apr,Cool,Cool,Purple,Black
3,Keaton,other,Male,Smug,Music,Jun,Gorgeous,Cool,Blue,White
3,Ken,ground_small,Male,Smug,Education,Dec,Cool,Simple,Purple,Blue
11,Ketchup,other,Female,Peppy,Play,Jul,Cute,Cute,Light blue,White
0,Kevin,ground_large,Male,Jock,Play,Apr,Active,Simple,Black,Red
2,Kid Cat,ground_small,Male,Jock,Fitness,Aug,Active,Simple,Red,Red
3,Kidd,ground_large,Male,Smug,Education,Jun,Elegant,Cool,Gray,White
9,Kiki,ground_small,Female,Normal,Education,Oct,Simple,Simple,Brown,Beige
6,Kitt,ground_large,Female,Normal,Education,Oct,Elegant,Simple,Purple,Red
6,Kitty,ground_small,Female,Snooty,Fashion,Feb,Elegant,Gorgeous,Green,Gray
0,Klaus,ground_large,Male,Smug,Education,Mar,Simple,Simple,Gray,White
2,Knox,ground_small,Male,Cranky,Education,Nov,Elegant,Gorgeous,Brown,Red
2,Kody,ground_small,Male,Jock,Fitness,Sep,Active,Simple,Colorful,White
3,Kyle,ground_large,Male,Smug,Music,Dec,Gorgeous,Cool,Black,White
2,Leonardo,ground_large,Male,Jock,Fitness,May,Active,Gorgeous,Red,Blue
6,Leopold,ground_large,Male,Smug,Education,Aug,Elegant,Gorgeous,Purple,Green
4,Lily,other,Female,Normal,Education,Feb,Cute,Simple,White,Yellow
1,Limberg,ground_small,Male,Cranky,Education,Oct,Simple,Cool,Green,Blue
3,Lionel,ground_large,Male,Smug,Music,Jul,Gorgeous,Active,Green,Gray
13,Lobo,ground_large,Male,Cranky,Education,Nov,Cool,Active,Black,Beige
5,Lolly,ground_small,Female,Normal,Music,Mar,Simple,Simple,Gray,Pink
3,Lopez,ground_large,Male,Smug,Education,Aug,Gorgeous,Gorgeous,Gray,Gray
0,Louie,ground_large,Male,Jock,Fitness,Mar,Active,Simple,Gray,Red
3,Lucha,other,Male,Smug,Fitness,Dec,Active,Cool,Black,Gray
1,Lucky,ground_small,Male,Lazy,Play,Nov,Simple,Simple,Beige,White
10,Lucy,ground_large,Female,Normal,Music,Jun,Cute,Elegant,Pink,Red
9,Lyman,ground_small,Male,Jock,Play,Oct,Simple,Active,Light blue,Yellow
2,Mac,ground_small,Male,Jock,Fitness,Nov,Active,Cool,Red,Black
5,Maddie,ground_small,Female,Peppy,Play,Jan,Simple,Cute,Purple,Pink
11,Maelle,other,Female,Snooty,Fashion,Apr,Cool,Simple,Pink,White
4,Maggie,ground_large,Female,Normal,Nature,Sep,Cute,Elegant,Green,Yellow
12,Mallary,other,Female,Snooty,Fashion,Nov,Cool,Gorgeous,Blue,White
5,Maple,ground_small,Female,Normal,Education,Jun,Simple,Cute,Beige,Green
1,Marcel,ground_small,Male,Lazy,Play,Dec,Simple,Cool,Green,Blue
4,Marcie,ground_large,Female,Normal,Nature,May,Cute,Elegant,Pink,Beige
5,Margie,ground_large,Female,Normal,Education,Jan,Elegant,Cute,Pink,Red
10,Marina,other,Female,Normal,Music,Jun,Cute,Cute,Pink,Red
3,Marshal,ground_small,Male,Smug,Music,Sep,Elegant,Cool,Light blue,Blue
6,Mathilda,ground_large,Female,Snooty,Fitness,Nov,Cool,Gorgeous,White,Red
9,Megan,ground_large,Female,Normal,Nature,Mar,Cute,Simple,Yellow,Light blue
5,Melba,ground_small,Female,Normal,Education,Apr,Cute,Cute,White,Green
9,Merengue,ground_large,Female,Normal,Nature,Mar,Cute,Simple,White,Red
10,Merry,ground_small,Female,Peppy,Fashion,Jun,Cute,Cute,Pink,Light blue
4,Midge,other,Female,Normal,Education,Mar,Cute,Simple,Pink,Pink
10,Mint,ground_small,Female,Snooty,Fashion,May,Gorgeous,Cute,Pink,Purple
2,Mira,ground_small,Female,Big Sister,Fitness,Jul,Active,Cool,Red,Yellow
6,Miranda,other,Female,Snooty,Fashion,Apr,Elegant,Gorgeous,Blue,Purple
5,Mitzi,ground_small,Female,Normal,Education,Sep,Simple,Simple,Brown,Beige
1,Moe,ground_small,Male,Lazy,Play,Jan,Active,Simple,Black,Gray
4,Molly,other,Female,Normal,Nature,Mar,Cute,Simple,Yellow,Pink
12,Monique,ground_small,Female,Snooty,Fashion,Sep,Gorgeous,Elegant,Purple,Pink
3,Monty,ground_small,Male,Cranky,Education,Dec,Cool,Cool,Yellow,Gray
0,Moose,ground_small,Male,Jock,Fitness,Sep,Cool,Gorgeous,Purple,Red
0,Mott,ground_large,Male,Jock,Fitness,Jul,Active,Elegant,Blue,Green
7,Muffy,ground_large,Female,Big Sister,Music,Feb,Gorgeous,Elegant,Black,Purple
3,Murphy,ground_small,Male,Cranky,Education,Dec,Simple,Cool,Blue,White
9,Nan,ground_large,Female,Normal,Nature,Aug,Simple,Elegant,Orange,Yellow
11,Nana,ground_small,Female,Normal,Education,Aug,Cute,Cute,Pink,White
6,Naomi,ground_large,Female,Snooty,Fashion,Feb,Elegant,Gorgeous,Colorful,Purple
8,Nate,ground_large,Male,Lazy,Play,Aug,Simple,Simple,White,Green
10,Nibbles,ground_small,Female,Peppy,Fashion,Jul,Cute,Active,Red,Yellow
9,Norma,ground_large,Female,Normal,Nature,Sep,Cute,Simple,White,Light blue
3,O'Hare,ground_small,Male,Smug,Nature,Jul,Active,Cool,Blue,Light blue
13,Octavian,other,Male,Cranky,Play,Sep,Cool,Simple,Black,White
6,Olaf,ground_large,Male,Smug,Education,May,Elegant,Gorgeous,Red,Black
9,Olive,ground_small,Female,Normal,Nature,Jul,Simple,Simple,Brown,Yellow
4,Olivia,ground_small,Female,Snooty,Music,Feb,Cool,Elegant,White,Black
6,Opal,ground_large,Female,Snooty,Fashion,Jan,Elegant,Cool,Black,Orange
14,Ozzie,ground_small,Male,Lazy,Play,May,Simple,Cute,Yellow,Orange
6,Pancetti,ground_large,Female,Snooty,Music,Nov,Cute,Gorgeous,Red,Yellow
6,Pango,ground_large,Female,Peppy,Fashion,Nov,Elegant,Cool,Orange,Purple
1,Paolo,ground_large,Male,Lazy,Nature,May,Simple,Elegant,Gray,Light blue
1,Papi,ground_large,Male,Lazy,Nature,Jan,Simple,Simple,Orange,Light blue
7,Pashmina,ground_large,Female,Big Sister,Music,Dec,Cool,Elegant,Red,Colorful
11,Pate,other,Female,Peppy,Fashion,Feb,Simple,Cute,Yellow,White
7,Patty,ground_large,Female,Peppy,Fashion,May,Simple,Cute,Orange,Red
0,Paula,ground_large,Female,Big Sister,Fitness,Mar,Cute,Active,Orange,Green
4,Peaches,ground_large,Female,Normal,Education,Nov,Cute,Simple,Colorful,Light blue
10,Peanut,ground_small,Female,Peppy,Fashion,Jun,Cute,Cute,Red,Colorful
6,Pecan,ground_small,Female,Snooty,Fashion,Sep,Elegant,Gorgeous,Purple,Beige
0,Peck,other,Male,Jock,Play,Jul,Simple,Active,Beige,Red
13,Peewee,ground_large,Male,Cranky,Fitness,Sep,Active,Cool,Orange,Blue
10,Peggy,ground_large,Female,Peppy,Fashion,May,Cute,Active,Blue,Red
4,Pekoe,ground_small,Female,Normal,Nature,May,Elegant,Cute,Red,Beige
10,Penelope,ground_small,Female,Peppy,Fashion,Feb,Cute,Gorgeous,Pink,Red
3,Phil,ground_small,Male,Smug,Music,Nov,Elegant,Cool,Green,Red
3,Phoebe,ground_small,Female,Big Sister,Fitness,Apr,Gorgeous,Cool,Black,Red
0,Pierce,other,Male,Jock,Fitness,Jan,Elegant,Active,Orange,Yellow
13,Pietro,ground_large,Male,Smug,Music,Apr,Gorgeous,Simple,Colorful,Red
4,Pinky,ground_large,Female,Peppy,Fashion,Sep,Cute,Simple,Red,Pink
11,Piper,other,Female,Peppy,Play,Apr,Elegant,Gorgeous,Black,White
10,Pippy,ground_small,Female,Peppy,Fashion,Jun,Cute,Simple,Green,Brown
9,Plucky,ground_small,Female,Big Sister,Play,Oct,Cool,Simple,Light blue,Yellow
11,Pompom,other,Female,Peppy,Music,Feb,Cute,Simple,Pink,Light blue
2,Poncho,ground_small,Male,Jock,Fitness,Jan,Simple,Simple,Orange,Yellow
4,Poppy,ground_small,Female,Normal,Education,Aug,Cute,Elegant,Green,Yellow
6,Portia,ground_small,Female,Snooty,Fashion,Oct,Elegant,Gorgeous,Purple,Black
14,Prince,other,Male,Lazy,Play,Jul,Simple,Active,Yellow,White
2,Puck,ground_small,Male,Lazy,Fitness,Feb,Active,Simple,Blue,Red
11,Puddles,other,Female,Peppy,Fashion,Jan,Cute,Gorgeous,Green,Pink
1,Pudge,ground_small,Male,Lazy,Play,Jun,Simple,Simple,Green,Blue
8,Punchy,ground_small,Male,Lazy,Play,Apr,Simple,Simple,Blue,Light blue
12,Purrl,ground_small,Female,Snooty,Fashion,May,Cool,Elegant,Gray,Blue
12,Queenie,ground_small,Female,Snooty,Fashion,Nov,Gorgeous,Elegant,Black,Gray
3,Quillson,other,Male,Smug,Music,Dec,Elegant,Cool,Beige,Orange
8,Raddle,other,Male,Lazy,Nature,Jun,Elegant,Simple,White,Gray
13,Rasher,ground_large,Male,Cranky,Music,Apr,Cool,Simple,Blue,Black
3,Raymond,ground_small,Male,Smug,Nature,Oct,Elegant,Cool,Black,Gray
7,Ren√©e,ground_large,Female,Big Sister,Music,May,Cool,Active,Purple,Yellow
6,Reneigh,ground_large,Female,Big Sister,Play,Jun,Cool,Gorgeous,Black,Purple
0,Rex,ground_large,Male,Lazy,Nature,Jul,Simple,Cute,Blue,Light blue
6,Rhonda,ground_large,Female,Normal,Music,Jan,Elegant,Gorgeous,Purple,Black
0,Ribbot,other,Male,Jock,Fitness,Feb,Simple,Active,Blue,Light blue
13,Ricky,ground_small,Male,Cranky,Education,Sep,Cool,Simple,Blue,Red
3,Rizzo,ground_small,Male,Cranky,Education,Jan,Simple,Cool,Black,Gray
2,Roald,ground_small,Male,Jock,Fitness,Jan,Active,Simple,Red,Yellow
6,Robin,other,Female,Snooty,Fashion,Dec,Elegant,Cool,Light blue,Purple
14,Rocco,ground_large,Male,Cranky,Education,Aug,Simple,Cool,Yellow,Black
0,Rocket,ground_large,Female,Big Sister,Fitness,Apr,Active,Cool,Pink,Red
2,Rod,ground_small,Male,Jock,Fitness,Aug,Active,Cool,Blue,Light blue
0,Rodeo,ground_large,Male,Lazy,Fitness,Oct,Simple,Cool,Black,Red
3,Rodney,ground_small,Male,Smug,Music,Nov,Gorgeous,Cool,Pink,Colorful
0,Rolf,ground_large,Male,Cranky,Fitness,Aug,Cool,Active,Blue,Black
0,Rooney,ground_large,Male,Cranky,Fitness,Dec,Active,Active,Gray,Black
0,Rory,ground_large,Male,Jock,Music,Aug,Simple,Active,Blue,Red
13,Roscoe,ground_large,Male,Cranky,Music,Jun,Cool,Gorgeous,Black,Gray
10,Rosie,ground_small,Female,Peppy,Music,Feb,Cute,Cute,Pink,Red
2,Rowan,ground_large,Male,Jock,Fitness,Aug,Active,Simple,Light blue,Gray
4,Ruby,ground_small,Female,Peppy,Nature,Dec,Cute,Active,Light blue,Pink
2,Rudy,ground_small,Male,Jock,Play,Dec,Active,Simple,Yellow,Beige
4,Sally,ground_small,Female,Normal,Music,Jun,Simple,Elegant,White,Beige
2,Samson,ground_small,Male,Jock,Fitness,Jul,Simple,Active,Red,Yellow
9,Sandy,ground_small,Female,Normal,Nature,Oct,Simple,Cool,Light blue,White
13,Savannah,ground_large,Female,Normal,Music,Jan,Cool,Simple,Light blue,Blue
2,Scoot,other,Male,Jock,Fitness,Jun,Active,Simple,Beige,Blue
9,Shari,ground_small,Female,Big Sister,Music,Apr,Cute,Active,Light blue,Yellow
2,Sheldon,ground_small,Male,Jock,Play,Feb,Active,Cool,Green,Yellow
1,Shep,ground_small,Male,Smug,Education,Nov,Simple,Cool,Light blue,Blue
1,Sherb,ground_large,Male,Lazy,Nature,Jan,Simple,Cute,Gray,Blue
14,Simon,ground_small,Male,Lazy,Play,Jan,Simple,Active,Red,Colorful
5,Skye,ground_large,Female,Normal,Music,Mar,Cute,Cute,Blue,White
2,Sly,other,Male,Jock,Play,Nov,Cool,Simple,Brown,Green
2,Snake,ground_small,Male,Jock,Fitness,Nov,Active,Simple,Black,Blue
9,Snooty,ground_large,Female,Snooty,Education,Oct,Simple,Simple,Green,Yellow
4,Soleil,ground_small,Female,Snooty,Education,Aug,Cool,Gorgeous,Red,Yellow
2,Sparro,other,Male,Jock,Play,Nov,Active,Simple,Green,Gray
13,Spike,ground_large,Male,Cranky,Nature,Jun,Cool,Gorgeous,Black,Gray
14,Spork,ground_large,Male,Lazy,Play,Sep,Simple,Active,Green,Colorful
4,Sprinkle,ground_small,Female,Peppy,Play,Feb,Cute,Elegant,Light blue,White
0,Sprocket,ground_small,Male,Jock,Music,Dec,Simple,Active,Orange,Green
3,Static,ground_small,Male,Cranky,Music,Jul,Cool,Active,Black,Yellow
9,Stella,ground_large,Female,Normal,Nature,Apr,Simple,Simple,Yellow,Beige
0,Sterling,other,Male,Jock,Fitness,Dec,Simple,Elegant,Blue,Red
2,Stinky,ground_small,Male,Jock,Fitness,Aug,Active,Simple,Red,Blue
1,Stitches,ground_small,Male,Lazy,Play,Feb,Simple,Cute,Colorful,White
1,Stu,ground_large,Male,Lazy,Nature,Apr,Simple,Simple,Brown,Beige
9,Sydney,ground_small,Female,Normal,Music,Jun,Cute,Simple,Beige,Yellow
9,Sylvana,ground_small,Female,Normal,Nature,Oct,Cute,Simple,Green,Purple
7,Sylvia,ground_large,Female,Big Sister,Music,May,Simple,Gorgeous,Yellow,Green
13,T-Bone,ground_large,Male,Cranky,Education,May,Cool,Simple,Blue,Black
3,Tabby,ground_small,Female,Peppy,Music,Aug,Active,Cool,Black,Gray
2,Tad,other,Male,Jock,Play,Aug,Active,Simple,Yellow,Colorful
10,Tammi,ground_small,Female,Peppy,Fashion,Apr,Cute,Active,Purple,Green
4,Tammy,ground_small,Female,Big Sister,Play,Jun,Cool,Active,Red,Purple
10,Tangy,ground_small,Female,Peppy,Music,Jun,Simple,Cute,Green,Yellow
2,Tank,ground_large,Male,Jock,Fitness,May,Active,Simple,Red,Green
6,Tasha,ground_small,Female,Snooty,Fitness,Nov,Elegant,Gorgeous,Beige,Gray
0,Teddy,ground_large,Male,Jock,Fitness,Sep,Simple,Simple,Yellow,Orange
3,Tex,ground_small,Male,Smug,Music,Oct,Cool,Elegant,Black,Gray
4,Tia,ground_large,Female,Normal,Nature,Nov,Cute,Elegant,Black,White
12,Tiffany,ground_small,Female,Snooty,Fashion,Jan,Gorgeous,Cool,Black,Red
6,Timbra,ground_large,Female,Snooty,Education,Oct,Elegant,Gorgeous,Green,Brown
6,Tipper,ground_large,Female,Snooty,Fashion,Aug,Gorgeous,Cute,Colorful,Pink
3,Tom,ground_small,Male,Cranky,Education,Dec,Cool,Simple,Black,Gray
10,Truffles,ground_large,Female,Peppy,Fashion,Jul,Cute,Gorgeous,Green,Red
1,Tucker,ground_large,Male,Lazy,Nature,Sep,Active,Simple,Yellow,Orange
10,Tutu,ground_large,Female,Peppy,Fashion,Sep,Cute,Simple,Pink,Red
11,Twiggy,other,Female,Peppy,Fashion,Jul,Simple,Cute,Pink,Blue
0,Tybalt,ground_large,Male,Jock,Play,Aug,Active,Simple,Blue,Purple
7,Ursala,ground_large,Female,Big Sister,Music,Jan,Simple,Cute,Red,Orange
6,Velma,ground_large,Female,Snooty,Education,Jan,Elegant,Gorgeous,Light blue,Purple
5,Vesta,ground_large,Female,Normal,Fashion,Apr,Simple,Cute,Orange,Red
13,Vic,ground_large,Male,Cranky,Fitness,Dec,Cool,Active,Light blue,Blue
2,Victoria,ground_large,Female,Peppy,Fitness,Jul,Active,Simple,Yellow,Orange
6,Violet,ground_large,Female,Snooty,Fitness,Sep,Gorgeous,Cool,Purple,Pink
6,Vivian,ground_large,Female,Snooty,Education,Jan,Gorgeous,Elegant,Gray,Purple
14,Vladimir,ground_small,Male,Cranky,Play,Aug,Simple,Cool,Yellow,Colorful
1,Wade,ground_small,Male,Lazy,Nature,Oct,Simple,Gorgeous,Light blue,Blue
8,Walker,ground_small,Male,Lazy,Play,Jun,Simple,Simple,Orange,Red
3,Walt,ground_large,Male,Cranky,Fitness,Apr,Cool,Cool,Black,Gray
8,Wart Jr.,other,Male,Cranky,Education,Aug,Simple,Simple,Blue,Purple
8,Weber,other,Male,Lazy,Nature,Jun,Cool,Simple,Blue,Black
6,Wendy,ground_large,Female,Peppy,Fashion,Aug,Cool,Gorgeous,Red,Green
6,Whitney,ground_large,Female,Snooty,Fashion,Sep,Elegant,Cool,Blue,Light blue
6,Willow,ground_large,Female,Snooty,Fashion,Nov,Cute,Gorgeous,White,Pink
6,Winnie,ground_large,Female,Peppy,Fashion,Jan,Cool,Simple,White,Gray
13,Wolfgang,ground_large,Male,Cranky,Education,Nov,Cool,Active,Black,Green
12,Yuka,ground_small,Female,Snooty,Fashion,Jul,Cool,Elegant,Orange,Yellow
3,Zell,ground_large,Male,Smug,Music,Jun,Cool,Gorgeous,Purple,Gray
8,Zucker,other,Male,Lazy,Nature,Mar,Simple,Cute,Blue,Yellow
